"County","riskLevel","vaccination Ratio","actualvaccine","Death","State","metro","per_point_diff","T or B","percent_hispanic","percent_non_hispanic_american","percent_non_hispanic_asian","percent_non_hispanic_black","percent_non_hispanic_native","percent_non_hispanic_white"
"Albany County, New York",2,0.644,209471,368,"New York","yes",-0.314034302178441,"Biden",0.0597,9e-04,0.0656,0.115,4e-04,0.7217
"Allegany County, New York",3,0.362,17841,91,"New York","no",0.389134828216726,"Trump",0.0163,0.0023,0.0117,0.0142,3e-04,0.944
"Bronx County, New York",2,0.532,886472,6664,"New York","yes",-0.675649201930869,"Biden",0.5603,0.0023,0.0359,0.2923,3e-04,0.0914
"Broome County, New York",3,0.552,111756,379,"New York","yes",-0.0345927538418432,"Biden",0.0421,0.0015,0.0433,0.0515,2e-04,0.8338
"Cattaraugus County, New York",3,0.468,38979,96,"New York","no",0.294906012340365,"Trump",0.021,0.0311,0.0079,0.0141,0,0.9058
"Cayuga County, New York",3,0.511,41703,100,"New York","no",0.0923368386370501,"Trump",0.0295,0.0011,0.0056,0.041,1e-04,0.9009
"Chautauqua County, New York",3,0.494,68788,153,"New York","no",0.198401456900041,"Trump",0.0748,0.0029,0.0056,0.0235,5e-04,0.8744
"Chemung County, New York",3,0.5,45157,142,"New York","yes",0.134128393808678,"Trump",0.0308,0.0028,0.0134,0.059,1e-04,0.8623
"Chenango County, New York",3,0.526,26582,85,"New York","no",0.233013194506777,"Trump",0.0219,0.003,0.0043,0.0088,0,0.9474
"Clinton County, New York",3,0.63,53368,33,"New York","no",-0.0522053221209471,"Biden",0.0291,0.0027,0.0141,0.0407,2e-04,0.8993
"Columbia County, New York",2,0.64,41410,107,"New York","no",-0.166713585946737,"Biden",0.0477,6e-04,0.0174,0.0431,0,0.8635
"Cortland County, New York",3,0.512,26026,69,"New York","no",0.0193744810406864,"Trump",0.027,0.0022,0.0076,0.019,0,0.9262
"Delaware County, New York",3,0.497,23730,40,"New York","no",0.184321389793702,"Trump",0.0388,8e-04,0.0078,0.0153,0,0.9209
"Dutchess County, New York",3,0.589,190998,480,"New York","yes",-0.0964187874697264,"Biden",0.1219,0.0015,0.0352,0.098,4e-04,0.7147
"Erie County, New York",2,0.592,583475,1871,"New York","yes",-0.147238706103957,"Biden",0.055,0.0045,0.0355,0.1301,3e-04,0.7549
"Essex County, New York",2,0.627,24469,29,"New York","no",-0.0504179863959707,"Biden",0.0301,0.0025,0.0027,0.029,2e-04,0.9196
"Franklin County, New York",3,0.547,29230,15,"New York","no",0.021538301847623,"Trump",0.0354,0.0715,0.0054,0.0562,0.0022,0.8162
"Fulton County, New York",3,0.461,26317,97,"New York","no",0.313637129380054,"Trump",0.031,0.0029,0.0078,0.0198,1e-04,0.9269
"Genesee County, New York",2,0.512,31608,126,"New York","no",0.316630728685354,"Trump",0.033,0.0083,0.0079,0.0202,0,0.9052
"Greene County, New York",2,0.534,27696,82,"New York","no",0.155791061363817,"Trump",0.0591,0.0047,0.0105,0.0545,1e-04,0.8528
"Hamilton County, New York",3,0.771,3688,3,"New York","no",0.302601156069364,"Trump",0.0166,0.0011,7e-04,0.008,4e-04,0.9595
"Herkimer County, New York",3,0.503,33039,115,"New York","yes",0.304682970087656,"Trump",0.0216,0.0021,0.0059,0.0103,2e-04,0.9451
"Jefferson County, New York",3,0.584,76150,70,"New York","yes",0.189792008757526,"Trump",0.0752,0.0037,0.0171,0.0572,0.0019,0.8164
"Kings County, New York",2,0.535,1573366,10680,"New York","yes",-0.548086714861056,"Biden",0.1904,0.0014,0.1178,0.2997,4e-04,0.364
"Lewis County, New York",3,0.441,12245,36,"New York","no",0.391687268232386,"Trump",0.0173,0.0029,0.0053,0.007,9e-04,0.9585
"Livingston County, New York",2,0.517,34654,63,"New York","yes",0.181682112034649,"Trump",0.0366,0.0019,0.013,0.0258,5e-04,0.9076
"Madison County, New York",3,0.534,40315,96,"New York","yes",0.105793524883953,"Trump",0.0221,0.0047,0.009,0.0167,0.0011,0.9309
"Monroe County, New York",2,0.621,487430,1148,"New York","yes",-0.21020622967429,"Biden",0.0877,0.0018,0.0359,0.1448,2e-04,0.7057
"Montgomery County, New York",3,0.566,29980,133,"New York","no",0.225608024983439,"Trump",0.141,0.0015,0.0069,0.0189,0,0.8127
"Nassau County, New York",3,0.669,1018258,3239,"New York","yes",-0.0952404347422607,"Biden",0.169,0.0012,0.096,0.1115,2e-04,0.5998
"New York County, New York",2,0.698,1308515,4588,"New York","yes",-0.745218044506867,"Biden",0.2583,0.0012,0.1205,0.1247,3e-04,0.4691
"Niagara County, New York",2,0.568,127299,381,"New York","yes",0.0964546502690238,"Trump",0.0302,0.0098,0.011,0.0689,2e-04,0.8544
"Oneida County, New York",3,0.528,129962,532,"New York","yes",0.154973894745201,"Trump",0.0577,0.0021,0.0403,0.0568,3e-04,0.8201
"Onondaga County, New York",3,0.639,312691,701,"New York","yes",-0.205657443500117,"Biden",0.0491,0.0049,0.0367,0.1084,2e-04,0.7685
"Ontario County, New York",3,0.597,68973,95,"New York","yes",0.000234608037001038,"Trump",0.0474,0.0024,0.0137,0.0215,3e-04,0.8984
"Orange County, New York",3,0.546,233329,748,"New York","yes",0.00181291001109823,"Trump",0.2049,0.0023,0.0267,0.0999,3e-04,0.6424
"Orleans County, New York",3,0.464,20177,83,"New York","yes",0.360196100033051,"Trump",0.0492,0.0033,0.0056,0.0564,0,0.8637
"Oswego County, New York",3,0.51,63714,100,"New York","yes",0.201776440146079,"Trump",0.0259,0.0013,0.0066,0.0096,1e-04,0.9404
"Otsego County, New York",3,0.53,33594,50,"New York","no",0.050235646958012,"Trump",0.0369,8e-04,0.0132,0.0182,1e-04,0.9113
"Putnam County, New York",2,0.623,66702,95,"New York","yes",0.078743021331539,"Trump",0.1497,9e-04,0.0204,0.0273,2e-04,0.7871
"Queens County, New York",2,0.678,1740734,10090,"New York","yes",-0.452330363262509,"Biden",0.2804,0.0023,0.2534,0.1721,4e-04,0.2505
"Rensselaer County, New York",2,0.608,103534,154,"New York","yes",-0.0562782556133435,"Biden",0.0493,7e-04,0.0268,0.0598,0,0.8321
"Richmond County, New York",3,0.567,304314,1898,"New York","yes",0.149537596054646,"Trump",0.1844,0.001,0.0922,0.0936,3e-04,0.6101
"Rockland County, New York",2,0.532,191653,766,"New York","yes",-0.017397202880913,"Biden",0.1771,0.0011,0.0585,0.1131,0,0.6313
"St. Lawrence County, New York",3,0.521,59817,111,"New York","no",0.116841472376244,"Trump",0.0236,0.0075,0.0099,0.0223,6e-04,0.9197
"Saratoga County, New York",2,0.688,168246,184,"New York","yes",-0.0540198258640835,"Biden",0.0321,0.0019,0.0291,0.0153,1e-04,0.9035
"Schenectady County, New York",2,0.617,102942,213,"New York","yes",-0.156683505733301,"Biden",0.0706,0.0022,0.0443,0.0944,5e-04,0.726
"Schoharie County, New York",3,0.491,16221,20,"New York","yes",0.29013367281986,"Trump",0.032,0.0015,0.0088,0.0135,2e-04,0.9317
"Schuyler County, New York",3,0.547,10341,16,"New York","no",0.175916444808519,"Trump",0.0186,8e-04,0.007,0.0083,0,0.9496
"Seneca County, New York",3,0.469,16970,58,"New York","no",0.0905310300703774,"Trump",0.0349,0.0042,0.0083,0.0476,2e-04,0.8901
"Steuben County, New York",3,0.502,51923,154,"New York","no",0.296331586469747,"Trump",0.0165,0.0011,0.0153,0.0157,0,0.9357
"Suffolk County, New York",3,0.627,1020645,3498,"New York","yes",0.000300696916949283,"Trump",0.1931,0.0016,0.0388,0.0726,2e-04,0.6757
"Sullivan County, New York",3,0.5,41473,79,"New York","no",0.0916673882298612,"Trump",0.1599,0.0023,0.0163,0.074,0,0.7151
"Tioga County, New York",3,0.517,27041,65,"New York","yes",0.205917585050311,"Trump",0.0195,0.002,0.0077,0.0062,0,0.95
"Tompkins County, New York",3,0.692,75994,59,"New York","yes",-0.492467475675085,"Biden",0.0516,0.0014,0.096,0.0348,6e-04,0.7712
"Ulster County, New York",3,0.616,119822,270,"New York","yes",-0.209197290084172,"Biden",0.1021,0.001,0.0186,0.0551,6e-04,0.7905
"Warren County, New York",3,0.677,45943,76,"New York","yes",0.00157759264897178,"Trump",0.0256,0.0027,0.0098,0.012,6e-04,0.9377
"Washington County, New York",3,0.566,37113,61,"New York","yes",0.155519226668562,"Trump",0.0274,0.0031,0.006,0.0279,1e-04,0.9232
"Wayne County, New York",3,0.535,51203,76,"New York","yes",0.195643422641678,"Trump",0.0441,0.0012,0.0078,0.0272,0.0012,0.8993
"Westchester County, New York",2,0.664,712561,2325,"New York","yes",-0.362800299488014,"Biden",0.2467,0.0016,0.0592,0.1343,2e-04,0.5348
"Wyoming County, New York",3,0.436,18612,54,"New York","no",0.454920356719418,"Trump",0.0329,0.0047,0.0041,0.0395,0,0.8991
"Yates County, New York",3,0.457,12182,26,"New York","yes",0.185870479394449,"Trump",0.0222,8e-04,0.0065,0.0096,2e-04,0.9471
"Appling County, Georgia",3,0.304,6597,84,"Georgia","no",0.570441001191895,"Trump",0.0992,0.0051,0.004,0.1928,0,0.6912
"Atkinson County, Georgia",3,0.32,3308,25,"Georgia","no",0.467511885895404,"Trump",0.2488,0.0098,0,0.1741,0,0.5652
"Bacon County, Georgia",5,0.264,3454,49,"Georgia","no",0.726805228197986,"Trump",0.0826,0,0.0017,0.1519,0.0023,0.7351
"Baker County, Georgia",3,0.401,1428,13,"Georgia","yes",0.157556270096463,"Trump",0.0549,3e-04,0.0307,0.3962,0.0067,0.5064
"Baldwin County, Georgia",3,0.389,19990,158,"Georgia","no",-0.0129855898306942,"Biden",0.0226,0.0023,0.0175,0.4211,0,0.5238
"Banks County, Georgia",3,0.26,5909,51,"Georgia","no",0.779797750255653,"Trump",0.0689,0.0053,0.0112,0.026,0,0.878
"Barrow County, Georgia",5,0.348,32897,166,"Georgia","yes",0.431185886448142,"Trump",0.109,0.0015,0.0366,0.117,1e-04,0.7134
"Bartow County, Georgia",5,0.324,40416,281,"Georgia","yes",0.506915821179455,"Trump",0.0863,0.0019,0.0089,0.1032,0,0.7748
"Ben Hill County, Georgia",3,0.348,6690,87,"Georgia","no",0.261730652041438,"Trump",0.0611,0,0.0069,0.3661,0,0.5584
"Berrien County, Georgia",3,0.286,6476,54,"Georgia","no",0.665116879762366,"Trump",0.0507,9e-04,0.0111,0.106,0,0.8182
"Bibb County, Georgia",3,0.393,69672,523,"Georgia","yes",-0.238269649574342,"Biden",0.0325,0.0016,0.0202,0.5429,5e-04,0.3832
"Bleckley County, Georgia",3,0.304,4673,58,"Georgia","no",0.528556412053259,"Trump",0.0296,9e-04,0.0024,0.2733,0,0.6856
"Brantley County, Georgia",3,0.218,5116,61,"Georgia","yes",0.812104787714544,"Trump",0.0223,0.0021,0.0107,0.033,0,0.9216
"Brooks County, Georgia",5,0.399,7162,56,"Georgia","yes",0.207013096746937,"Trump",0.059,0,0.0042,0.3584,5e-04,0.5647
"Bryan County, Georgia",3,0.421,18960,47,"Georgia","yes",0.35162877900164,"Trump",0.0708,0.0043,0.0141,0.1385,0,0.7305
"Bulloch County, Georgia",3,0.292,27339,153,"Georgia","no",0.237254901960784,"Trump",0.0399,0.0033,0.0127,0.2776,0.0026,0.6348
"Burke County, Georgia",5,0.414,10694,68,"Georgia","yes",0.0179724796405504,"Trump",0.0323,0,0.0032,0.4806,0,0.4727
"Butts County, Georgia",3,0.284,8260,93,"Georgia","yes",0.435986747090307,"Trump",0.0325,0,0.0042,0.2892,0,0.6603
"Calhoun County, Georgia",3,0.426,3057,20,"Georgia","no",-0.154686078252957,"Biden",0.0474,0,0.0058,0.6031,0,0.3262
"Camden County, Georgia",3,0.337,20860,80,"Georgia","no",0.307438993498269,"Trump",0.0673,0.0052,0.0192,0.1864,0.0011,0.698
"Candler County, Georgia",3,0.366,4687,72,"Georgia","no",0.42067253441661,"Trump",0.1177,0,0.0019,0.2513,0,0.6064
"Carroll County, Georgia",3,0.321,44846,270,"Georgia","yes",0.3899250991335,"Trump",0.0689,0.0043,0.0077,0.1903,9e-04,0.7025
"Catoosa County, Georgia",3,0.335,26197,83,"Georgia","yes",0.559475961095941,"Trump",0.0302,0.0036,0.0132,0.0205,5e-04,0.9095
"Charlton County, Georgia",3,0.196,3098,50,"Georgia","no",0.506567425569177,"Trump",0.0837,0.0178,0.0074,0.2588,0,0.6114
"Chatham County, Georgia",3,0.476,155295,547,"Georgia","yes",-0.187507495802351,"Biden",0.064,0.0023,0.0255,0.3943,0.0011,0.485
"Chattahoochee County, Georgia",3,0.177,2262,17,"Georgia","yes",0.134639696586599,"Trump",0.1586,0.0028,0.0289,0.1988,0.0014,0.5758
"Chattooga County, Georgia",5,0.321,9391,82,"Georgia","no",0.617910447761194,"Trump",0.0515,0.0014,0.0017,0.103,0,0.8277
"Cherokee County, Georgia",3,0.445,127975,383,"Georgia","yes",0.392265994544764,"Trump",0.1052,4e-04,0.018,0.0671,3e-04,0.7872
"Clarke County, Georgia",3,0.42,59245,160,"Georgia","yes",-0.420772796322985,"Biden",0.108,5e-04,0.0387,0.2767,4e-04,0.5502
"Clay County, Georgia",2,0.568,1881,3,"Georgia","no",-0.107317073170732,"Biden",0.0037,0,0.0102,0.6239,0,0.3541
"Clayton County, Georgia",3,0.365,124205,596,"Georgia","yes",-0.709115997507344,"Biden",0.1322,0.0016,0.0512,0.6833,6e-04,0.1007
"Clinch County, Georgia",5,0.366,2782,32,"Georgia","no",0.475707794477455,"Trump",0.0419,3e-04,0,0.2842,0,0.6512
"Cobb County, Georgia",3,0.519,440698,1226,"Georgia","yes",-0.14327403689857,"Biden",0.1298,0.0015,0.0528,0.2672,4e-04,0.5191
"Coffee County, Georgia",3,0.32,16552,198,"Georgia","no",0.398777441829894,"Trump",0.117,4e-04,0.0079,0.2843,0,0.5813
"Colquitt County, Georgia",5,0.36,19224,158,"Georgia","no",0.471652368519209,"Trump",0.1921,0.0044,0.0083,0.2316,1e-04,0.5588
"Columbia County, Georgia",3,0.401,70170,239,"Georgia","yes",0.257908780639156,"Trump",0.067,0.0014,0.0376,0.1659,0,0.6867
"Cook County, Georgia",3,0.356,7098,52,"Georgia","no",0.403837953091684,"Trump",0.0578,0.0029,0.0072,0.2692,0,0.6471
"Coweta County, Georgia",3,0.381,64989,274,"Georgia","yes",0.355356189533718,"Trump",0.0701,0.0024,0.0207,0.1767,2e-04,0.71
"Crawford County, Georgia",3,0.331,4801,29,"Georgia","yes",0.460996394624713,"Trump",0.033,0.001,0.0015,0.2197,0,0.7327
"Crisp County, Georgia",3,0.378,9960,97,"Georgia","no",0.249346445910619,"Trump",0.0344,0,0.0019,0.4554,0.0011,0.4988
"Dade County, Georgia",3,0.288,5412,16,"Georgia","yes",0.646354587032553,"Trump",0.0228,0,0.0107,0.0065,4e-04,0.9333
"Dawson County, Georgia",5,0.346,10237,54,"Georgia","yes",0.678564765872769,"Trump",0.047,9e-04,0.0059,0.0105,0,0.921
"Decatur County, Georgia",5,0.409,12860,87,"Georgia","no",0.169720430107527,"Trump",0.0608,0.0011,0.0025,0.4205,0,0.5021
"DeKalb County, Georgia",3,0.489,421068,1155,"Georgia","yes",-0.673736196749257,"Biden",0.0853,0.0021,0.0604,0.5344,4e-04,0.2913
"Dodge County, Georgia",5,0.304,7491,114,"Georgia","no",0.454838309998761,"Trump",0.0353,1e-04,0.0033,0.2874,0,0.6474
"Dooly County, Georgia",5,0.318,4953,49,"Georgia","no",0.0604141291108404,"Trump",0.0694,4e-04,1e-04,0.4908,0,0.4259
"Dougherty County, Georgia",5,0.413,42115,354,"Georgia","yes",-0.400345736390172,"Biden",0.0286,0.002,0.0096,0.6939,1e-04,0.2523
"Douglas County, Georgia",3,0.401,67192,256,"Georgia","yes",-0.251208288715886,"Biden",0.0966,7e-04,0.0159,0.4593,2e-04,0.4052
"Early County, Georgia",3,0.428,5094,55,"Georgia","no",0.0501156515034695,"Trump",0.0081,0.0029,0.0055,0.522,0,0.4522
"Echols County, Georgia",3,0.264,1260,9,"Georgia","yes",0.755725190839695,"Trump",0.2728,0.0219,0,0.0198,0,0.6631
"Effingham County, Georgia",3,0.327,24528,117,"Georgia","yes",0.49548636406829,"Trump",0.0444,0.0018,0.0088,0.1316,5e-04,0.7828
"Elbert County, Georgia",5,0.375,8173,79,"Georgia","no",0.364954748664268,"Trump",0.057,0,0.0043,0.296,0,0.6351
"Emanuel County, Georgia",5,0.332,9161,91,"Georgia","no",0.385796948974224,"Trump",0.045,0.0024,0.0015,0.3387,0,0.5927
"Evans County, Georgia",3,0.362,4518,40,"Georgia","no",0.368259948198729,"Trump",0.1172,0.0014,0.0091,0.2964,0,0.5626
"Fannin County, Georgia",3,0.367,10680,86,"Georgia","no",0.646440837766853,"Trump",0.0236,0.0011,0.0037,0.0025,0.0011,0.9489
"Fayette County, Georgia",3,0.56,71035,200,"Georgia","yes",0.0679778870461428,"Trump",0.0723,9e-04,0.044,0.2251,0.0013,0.622
"Floyd County, Georgia",5,0.37,42122,284,"Georgia","yes",0.41094796932827,"Trump",0.1107,0.0015,0.0127,0.1387,0,0.7076
"Forsyth County, Georgia",3,0.484,129406,223,"Georgia","yes",0.331874318503453,"Trump",0.095,0.0017,0.1291,0.0332,2e-04,0.717
"Franklin County, Georgia",3,0.319,8610,64,"Georgia","no",0.69447282861124,"Trump",0.0459,8e-04,0.0094,0.0931,0,0.8346
"Fulton County, Georgia",3,0.504,603510,1573,"Georgia","yes",-0.463869303656695,"Biden",0.0722,0.0016,0.0703,0.4361,2e-04,0.3964
"Gilmer County, Georgia",3,0.377,13252,107,"Georgia","no",0.635219364599092,"Trump",0.1158,0.0027,0.0045,0.0041,1e-04,0.8587
"Glascock County, Georgia",3,0.283,1001,19,"Georgia","no",0.796805111821086,"Trump",0.0123,0.003,0,0.1021,3e-04,0.8738
"Glynn County, Georgia",5,0.452,43538,279,"Georgia","yes",0.231851957702201,"Trump",0.0662,0.0035,0.0127,0.2607,0.0012,0.6356
"Gordon County, Georgia",3,0.331,22309,159,"Georgia","no",0.625015603545125,"Trump",0.1584,1e-04,0.0102,0.0374,7e-04,0.7752
"Grady County, Georgia",3,0.376,10883,77,"Georgia","no",0.318950219482582,"Trump",0.1146,0.0051,0.0056,0.2887,0,0.5797
"Greene County, Georgia",3,0.489,9900,65,"Georgia","no",0.264941302027748,"Trump",0.0605,0,0.0114,0.35,2e-04,0.5752
"Gwinnett County, Georgia",3,0.495,517377,1290,"Georgia","yes",-0.182584059339698,"Biden",0.2117,0.0017,0.116,0.2702,2e-04,0.3729
"Habersham County, Georgia",5,0.351,18710,171,"Georgia","no",0.639958886006559,"Trump",0.1479,9e-04,0.0194,0.0319,0.0018,0.7729
"Hall County, Georgia",5,0.398,92550,544,"Georgia","yes",0.432419894628715,"Trump",0.2839,0.0015,0.0178,0.0708,1e-04,0.6082
"Hancock County, Georgia",3,0.432,4100,71,"Georgia","no",-0.438718998314471,"Biden",0.0167,0,0.0036,0.7313,0.0014,0.2431
"Haralson County, Georgia",3,0.292,10046,99,"Georgia","yes",0.739786606766812,"Trump",0.017,7e-04,0.0041,0.0507,0,0.9087
"Harris County, Georgia",3,0.381,15598,71,"Georgia","yes",0.443299484768146,"Trump",0.0356,7e-04,0.0103,0.1609,1e-04,0.7688
"Hart County, Georgia",3,0.337,10012,61,"Georgia","no",0.495600251414205,"Trump",0.0365,2e-04,0.0093,0.1924,0,0.7481
"Heard County, Georgia",3,0.245,3437,26,"Georgia","yes",0.685020393029292,"Trump",0.0274,3e-04,0.0053,0.0873,9e-04,0.8476
"Henry County, Georgia",3,0.388,103350,389,"Georgia","yes",-0.204751296769053,"Biden",0.0682,6e-04,0.0329,0.4343,0,0.4342
"Houston County, Georgia",5,0.38,69168,306,"Georgia","yes",0.124281781982415,"Trump",0.0653,0.0031,0.0322,0.307,1e-04,0.5625
"Irwin County, Georgia",3,0.334,3649,31,"Georgia","no",0.510076775431862,"Trump",0.0383,0.0012,0.0041,0.2829,0,0.6678
"Jackson County, Georgia",5,0.366,30388,174,"Georgia","no",0.580225613802256,"Trump",0.0766,5e-04,0.0178,0.0663,6e-04,0.8135
"Jasper County, Georgia",5,0.302,4984,47,"Georgia","yes",0.531266352694924,"Trump",0.0392,6e-04,0.0029,0.2039,0,0.7421
"Jeff Davis County, Georgia",3,0.27,4828,47,"Georgia","no",0.635418471668688,"Trump",0.1212,0,0.0023,0.1641,0,0.7085
"Jefferson County, Georgia",3,0.457,8232,74,"Georgia","no",-0.0682026443251735,"Biden",0.0384,0.0015,0.0031,0.5311,0,0.4201
"Jenkins County, Georgia",2,0.309,3226,46,"Georgia","no",0.25904486251809,"Trump",0.0817,0.0025,0.0111,0.3491,0,0.5467
"Johnson County, Georgia",3,0.29,3451,51,"Georgia","no",0.397073170731707,"Trump",0.0247,0,0.0022,0.3315,0,0.624
"Jones County, Georgia",3,0.377,12708,71,"Georgia","yes",0.338690237042989,"Trump",0.0167,0.0017,0.0075,0.2456,0,0.7143
"Lamar County, Georgia",5,0.306,6772,74,"Georgia","yes",0.410281923714759,"Trump",0.0245,0.0014,0.0048,0.294,0,0.6516
"Lanier County, Georgia",3,0.246,3004,14,"Georgia","yes",0.416666666666667,"Trump",0.0572,0.0016,0.002,0.2439,0,0.6861
"Laurens County, Georgia",5,0.372,21266,204,"Georgia","no",0.282389688091153,"Trump",0.0271,8e-04,0.0113,0.3722,2e-04,0.5722
"Lee County, Georgia",3,0.442,15252,74,"Georgia","yes",0.445674285030513,"Trump",0.0298,7e-04,0.0245,0.207,0.0012,0.7164
"Liberty County, Georgia",3,0.259,18377,80,"Georgia","yes",-0.240487987286155,"Biden",0.1261,0.0043,0.0196,0.401,0.005,0.3887
"Lincoln County, Georgia",3,0.404,3711,29,"Georgia","yes",0.375134669252316,"Trump",0.0182,5e-04,0,0.3097,3e-04,0.6618
"Long County, Georgia",3,0.173,4048,16,"Georgia","yes",0.263744033940251,"Trump",0.1128,0.0017,0.0097,0.2482,0.0044,0.5789
"Lowndes County, Georgia",3,0.321,44096,262,"Georgia","yes",0.120289073454859,"Trump",0.0566,0.0033,0.0174,0.3636,7e-04,0.5378
"Lumpkin County, Georgia",5,0.318,12091,87,"Georgia","no",0.581868521022471,"Trump",0.0484,0.0022,0.0082,0.0204,0.0014,0.9056
"McDuffie County, Georgia",3,0.389,9579,60,"Georgia","yes",0.191391678622669,"Trump",0.0306,0,0.0044,0.399,0.0123,0.5352
"McIntosh County, Georgia",3,0.359,5839,24,"Georgia","yes",0.209677419354839,"Trump",0.0028,0.001,0.0133,0.3542,0.0013,0.621
"Macon County, Georgia",3,0.366,5573,38,"Georgia","no",-0.230538280077204,"Biden",0.0429,0,0.0039,0.6147,1e-04,0.3233
"Madison County, Georgia",5,0.384,13030,62,"Georgia","yes",0.529892213965321,"Trump",0.0546,0.0034,0.0038,0.1064,0,0.8185
"Marion County, Georgia",3,0.343,3438,28,"Georgia","yes",0.265655172413793,"Trump",0.0728,0.0017,0.0091,0.3046,0.0062,0.5923
"Meriwether County, Georgia",3,0.36,8791,96,"Georgia","yes",0.205663326284821,"Trump",0.022,9e-04,0.0025,0.3974,0,0.5635
"Miller County, Georgia",3,0.473,3156,16,"Georgia","no",0.465067043048694,"Trump",0.0043,0.0057,0,0.3031,0.0029,0.6798
"Mitchell County, Georgia",5,0.403,10326,93,"Georgia","no",0.105110466413747,"Trump",0.0458,0.0028,0.002,0.4636,5e-04,0.4585
"Monroe County, Georgia",5,0.391,12384,119,"Georgia","yes",0.427966645285439,"Trump",0.0232,0.0015,0.0091,0.232,0,0.7241
"Montgomery County, Georgia",3,0.303,3440,27,"Georgia","no",0.499117721199899,"Trump",0.0659,0,0.0018,0.2575,0,0.6533
"Morgan County, Georgia",3,0.407,8758,34,"Georgia","yes",0.416709379805228,"Trump",0.0321,0.0013,7e-04,0.2279,0,0.7195
"Murray County, Georgia",5,0.311,14888,102,"Georgia","yes",0.691597894600039,"Trump",0.1504,0.0013,0.0034,0.0104,0,0.8254
"Muscogee County, Georgia",3,0.363,81655,545,"Georgia","yes",-0.240194251931341,"Biden",0.0761,0.004,0.0246,0.4561,0.0014,0.4035
"Newton County, Georgia",3,0.367,47134,292,"Georgia","yes",-0.109156617619943,"Biden",0.0558,0.0016,0.0106,0.4433,8e-04,0.4644
"Oconee County, Georgia",3,0.528,23195,75,"Georgia","yes",0.335068340750159,"Trump",0.0529,7e-04,0.0368,0.0523,7e-04,0.8414
"Oglethorpe County, Georgia",3,0.381,6479,35,"Georgia","yes",0.387679822943563,"Trump",0.0457,4e-04,0.0021,0.1757,0,0.7564
"Paulding County, Georgia",3,0.328,63315,275,"Georgia","yes",0.290751065923254,"Trump",0.0634,0.0024,0.0087,0.1849,4e-04,0.71
"Peach County, Georgia",3,0.39,12595,77,"Georgia","yes",0.0465227435672748,"Trump",0.0771,8e-04,0.0101,0.4466,0.001,0.4577
"Pickens County, Georgia",5,0.392,14215,92,"Georgia","yes",0.657424127686841,"Trump",0.0309,0.0092,0.0043,0.0103,5e-04,0.8662
"Pierce County, Georgia",5,0.295,6770,79,"Georgia","no",0.751409306952581,"Trump",0.0505,0.0041,0,0.0935,0,0.8403
"Pike County, Georgia",5,0.283,6278,54,"Georgia","yes",0.711007462686567,"Trump",0.0163,0,0.0051,0.0894,0,0.8691
"Polk County, Georgia",5,0.323,16373,120,"Georgia","no",0.570820878362842,"Trump",0.1308,0,0.0037,0.1194,2e-04,0.7201
"Pulaski County, Georgia",3,0.323,4250,52,"Georgia","yes",0.388385199705954,"Trump",0.0313,0.0012,0.0027,0.377,0,0.5739
"Putnam County, Georgia",3,0.388,9713,69,"Georgia","no",0.408519611978068,"Trump",0.0635,0,0.005,0.262,0,0.6569
"Quitman County, Georgia",3,0.317,824,3,"Georgia","no",0.096745027124774,"Trump",0.0074,0,0.0734,0.519,0.0017,0.3705
"Rabun County, Georgia",5,0.423,8146,54,"Georgia","no",0.57378762541806,"Trump",0.0801,0.0033,0.0113,0.019,0,0.877
"Randolph County, Georgia",3,0.4,3273,36,"Georgia","no",-0.0914415880247315,"Biden",0.0141,0,0,0.624,0,0.3465
"Richmond County, Georgia",5,0.361,82406,586,"Georgia","yes",-0.371674194623545,"Biden",0.0492,0.0024,0.0178,0.5558,0.0021,0.3453
"Rockdale County, Georgia",3,0.446,46110,199,"Georgia","yes",-0.407846735748976,"Biden",0.1022,9e-04,0.0198,0.5377,0.002,0.3172
"Schley County, Georgia",5,0.285,1830,6,"Georgia","no",0.588131868131868,"Trump",0.0651,0,0,0.2513,0,0.6799
"Screven County, Georgia",3,0.41,6805,42,"Georgia","no",0.189225894069715,"Trump",0.0217,0.0017,0.0074,0.4163,0,0.5446
"Seminole County, Georgia",3,0.408,3874,21,"Georgia","no",0.349022633744856,"Trump",0.0321,0,0.0078,0.3289,0,0.6151
"Spalding County, Georgia",5,0.352,27105,235,"Georgia","yes",0.207738903048558,"Trump",0.0456,0.004,0.0098,0.3409,0,0.5852
"Stephens County, Georgia",5,0.361,10800,82,"Georgia","no",0.587379049221708,"Trump",0.0348,0.0017,0.0067,0.119,1e-04,0.8235
"Stewart County, Georgia",3,0.278,2086,26,"Georgia","no",-0.191457286432161,"Biden",0.1875,0.0014,0.0323,0.5242,0,0.2338
"Sumter County, Georgia",5,0.441,14965,114,"Georgia","no",-0.0478268027658874,"Biden",0.0569,0,0.0136,0.5212,0,0.3938
"Talbot County, Georgia",3,0.428,2979,22,"Georgia","no",-0.204997160704145,"Biden",0.006,3e-04,0.0055,0.5773,0,0.4069
"Taliaferro County, Georgia",3,0.416,742,3,"Georgia","no",-0.216594827586207,"Biden",0.0397,0,0.0074,0.6207,0,0.3277
"Tattnall County, Georgia",3,0.288,8532,91,"Georgia","no",0.487721441661576,"Trump",0.1148,0.0022,0.0019,0.2917,2e-04,0.5766
"Taylor County, Georgia",5,0.39,3757,28,"Georgia","no",0.268610098906819,"Trump",0.0262,0,0.0184,0.3796,0,0.5732
"Telfair County, Georgia",3,0.239,4501,63,"Georgia","no",0.308491001384402,"Trump",0.1141,3e-04,2e-04,0.385,0,0.4894
"Terrell County, Georgia",5,0.495,4919,54,"Georgia","yes",-0.0842391304347825,"Biden",0.0282,0,0.031,0.5811,0,0.3561
"Thomas County, Georgia",5,0.433,22239,150,"Georgia","no",0.194815288953914,"Trump",0.0371,0.0013,0.0013,0.3624,5e-04,0.5761
"Tift County, Georgia",3,0.358,17012,150,"Georgia","no",0.335770010442902,"Trump",0.1178,0.0026,0.0135,0.295,0,0.5585
"Toombs County, Georgia",3,0.35,11312,140,"Georgia","no",0.452171522814733,"Trump",0.1169,1e-04,0.0091,0.2555,0,0.6024
"Towns County, Georgia",5,0.464,6168,69,"Georgia","no",0.60584033086853,"Trump",0.0274,0.0035,0.0052,0.0127,0,0.9409
"Treutlen County, Georgia",3,0.28,2400,37,"Georgia","no",0.373415664608385,"Trump",0.0132,0,0,0.2637,0,0.7205
"Troup County, Georgia",3,0.316,26196,268,"Georgia","no",0.218491030718541,"Trump",0.0368,0.0019,0.0217,0.3611,0,0.5628
"Turner County, Georgia",3,0.446,4149,45,"Georgia","no",0.247955684515959,"Trump",0.0477,0,0.0077,0.4029,0,0.5375
"Twiggs County, Georgia",3,0.463,4471,51,"Georgia","yes",0.0733573357335734,"Trump",0.0072,0,0.0021,0.4285,0,0.5505
"Union County, Georgia",3,0.426,11679,96,"Georgia","no",0.633114796246304,"Trump",0.0331,0.0055,0.0031,0.0074,0,0.9386
"Upson County, Georgia",5,0.391,11971,139,"Georgia","no",0.34118558698179,"Trump",0.0231,0.0064,0.0045,0.2714,0.0076,0.6721
"Walker County, Georgia",3,0.286,23312,102,"Georgia","yes",0.592866389589153,"Trump",0.0222,0.0016,0.0076,0.0411,1e-04,0.9088
"Walton County, Georgia",3,0.362,38946,289,"Georgia","yes",0.492357074354608,"Trump",0.0439,0.0012,0.0136,0.1763,3e-04,0.7464
"Ware County, Georgia",3,0.336,14233,213,"Georgia","no",0.404115864402002,"Trump",0.041,0.0056,0.0105,0.2984,6e-04,0.6335
"Warren County, Georgia",5,0.419,2541,21,"Georgia","no",-0.113962264150943,"Biden",0.0047,0,0.006,0.6111,0,0.3749
"Washington County, Georgia",3,0.387,9294,100,"Georgia","no",-0.0079138968027857,"Biden",0.0248,5e-04,0.0067,0.5263,0,0.4253
"Wayne County, Georgia",5,0.311,11362,123,"Georgia","no",0.571171453165349,"Trump",0.0626,7e-04,0.0061,0.2024,0,0.7117
"Webster County, Georgia",3,0.391,1169,4,"Georgia","no",0.0776419841840402,"Trump",0.0874,0.0034,0,0.372,0,0.5184
"Wheeler County, Georgia",3,0.215,2037,29,"Georgia","no",0.391247264770241,"Trump",0.0014,0,0,0.4339,0,0.5618
"White County, Georgia",5,0.323,11414,108,"Georgia","no",0.662189524838013,"Trump",0.0325,0.0043,0.0058,0.0146,0,0.923
"Whitfield County, Georgia",5,0.381,45723,284,"Georgia","yes",0.407006473372137,"Trump",0.3511,0.0025,0.0144,0.0376,0,0.5843
"Wilcox County, Georgia",3,0.316,3221,50,"Georgia","no",0.469960353766392,"Trump",0.0466,0.0039,0,0.3548,0,0.5851
"Wilkes County, Georgia",5,0.413,4561,33,"Georgia","no",0.131809145129225,"Trump",0.0506,0,0.0039,0.4259,0,0.5093
"Wilkinson County, Georgia",3,0.446,4664,31,"Georgia","no",0.123899371069182,"Trump",0.0287,0.0012,0,0.3895,6e-04,0.567
"Worth County, Georgia",3,0.369,8576,78,"Georgia","yes",0.477652127086699,"Trump",0.022,0.0038,0.0079,0.2801,3e-04,0.673
